Season,League,Rk,Player,Nation,Pos,Squad,Age,Born,MP,Starts,Min,Gls,Ast,PK,PKatt,CrdY,CrdR
2019-2020,Bundesliga,1,Suleiman Abdullahi,ng NGA,"FW,MF",Union Berlin,22,1996,6,1,157,1,0,0,0,1,0
2019-2020,Bundesliga,2,David Abraham,ar ARG,DF,Eint Frankfurt,33,1986,20,19,"1,688",2,0,0,0,2,1
2019-2020,Bundesliga,3,Amir Abrashi,al ALB,MF,Freiburg,29,1990,13,8,663,0,0,0,0,3,0
2019-2020,Bundesliga,4,Tyler Adams,us USA,"DF,MF",RB Leipzig,20,1999,14,10,953,0,0,0,0,0,0
2019-2020,Bundesliga,5,Sargis Adamyan,am ARM,"FW,MF",Hoffenheim,26,1993,15,6,746,5,1,0,0,1,0
2019-2020,Bundesliga,6,Manuel Akanji,ch SUI,DF,Dortmund,24,1995,29,25,"2,309",0,1,0,0,2,0
2019-2020,Bundesliga,7,Kevin Akpoguma,de GER,DF,Hoffenheim,24,1995,18,12,"1,142",0,0,0,0,2,0
2019-2020,Bundesliga,8,David Alaba,at AUT,DF,Bayern Munich,27,1992,28,27,"2,498",1,1,0,0,0,0
2019-2020,Bundesliga,9,Lucas Alario,ar ARG,FW,Leverkusen,26,1992,24,11,"1,174",7,1,1,1,6,0
2019-2020,Bundesliga,10,Paco Alcácer,es ESP,FW,Dortmund,25,1993,11,6,530,5,1,0,0,0,0
2019-2020,Bundesliga,11,Thiago Alcántara,es ESP,MF,Bayern Munich,28,1991,24,20,"1,771",3,0,0,0,7,0
2019-2020,Bundesliga,12,Nadiem Amiri,de GER,"MF,FW",Leverkusen,22,1996,30,22,"1,857",1,2,0,0,3,0
2019-2020,Bundesliga,13,Ethan Ampadu,wal WAL,DF,RB Leipzig,18,2000,3,0,81,0,0,0,0,0,0
2019-2020,Bundesliga,14,Opoku Ampomah,gh GHA,FW,Düsseldorf,23,1996,12,5,500,0,0,0,0,1,0
2019-2020,Bundesliga,15,Sebastian Andersson,se SWE,FW,Union Berlin,28,1991,33,31,"2,682",12,1,1,2,5,0
2019-2020,Bundesliga,16,Robert Andrich,de GER,MF,Union Berlin,24,1994,30,30,"2,572",1,2,0,0,13,1
2019-2020,Bundesliga,17,Angeliño,es ESP,DF,RB Leipzig,22,1997,13,12,"1,095",1,2,0,0,2,0
2019-2020,Bundesliga,18,Christopher Antwi-Adjei,gh GHA,"MF,FW",Paderborn 07,25,1994,34,28,"2,470",1,2,0,0,2,0
2019-2020,Bundesliga,19,Charles Aránguiz,cl CHI,MF,Leverkusen,30,1989,27,23,"2,118",1,3,0,0,2,0
2019-2020,Bundesliga,20,Maximilian Arnold,de GER,MF,Wolfsburg,25,1994,33,32,"2,821",4,8,0,0,8,0
2019-2020,Bundesliga,21,Santiago Ascacíbar,ar ARG,MF,Hertha BSC,22,1997,8,7,634,0,1,0,0,2,0
2019-2020,Bundesliga,22,Ludwig Augustinsson,se SWE,DF,Werder Bremen,25,1994,12,10,924,0,1,0,0,2,0
2019-2020,Bundesliga,23,Taiwo Awoniyi,ng NGA,FW,Mainz 05,21,1997,12,5,483,1,0,0,0,1,0
2019-2020,Bundesliga,24,Kaan Ayhan,tr TUR,DF,Düsseldorf,24,1994,31,31,"2,731",2,3,0,0,10,0
2019-2020,Bundesliga,25,Matthias Bader,de GER,DF,Köln,22,1997,1,0,12,0,0,0,0,0,0
2019-2020,Bundesliga,26,Daniel Baier,de GER,MF,Augsburg,35,1984,23,22,"1,941",1,0,0,0,6,0
2019-2020,Bundesliga,27,Leon Bailey,jm JAM,"FW,MF",Leverkusen,21,1997,22,12,"1,090",5,3,0,0,0,2
2019-2020,Bundesliga,28,Lewis Baker,eng ENG,MF,Düsseldorf,24,1995,8,7,545,0,0,0,0,1,0
2019-2020,Bundesliga,29,Ridle Baku,de GER,"DF,MF",Mainz 05,21,1998,30,26,"2,351",1,3,0,0,5,1
2019-2020,Bundesliga,30,Leonardo Balerdi,ar ARG,"DF,MF",Dortmund,20,1999,7,1,133,0,0,0,0,1,0
2019-2020,Bundesliga,31,Philipp Bargfrede,de GER,MF,Werder Bremen,30,1989,15,6,586,0,0,0,0,3,1
2019-2020,Bundesliga,32,Aymen Barkok,de GER,"FW,MF",Düsseldorf,21,1998,3,1,79,0,0,0,0,0,0
2019-2020,Bundesliga,33,Leandro Barreiro Martins,lu LUX,MF,Mainz 05,19,2000,18,11,938,0,2,0,0,4,0
2019-2020,Bundesliga,34,Fin Bartels,de GER,"FW,MF",Werder Bremen,32,1987,14,1,340,0,0,0,0,2,0
2019-2020,Bundesliga,35,Oliver Batista-Meier,de GER,FW,Bayern Munich,18,2001,1,0,13,0,0,0,0,0,0
2019-2020,Bundesliga,36,Oliver Baumann,de GER,GK,Hoffenheim,29,1990,30,30,"2,700",0,0,0,0,1,0
2019-2020,Bundesliga,37,Julian Baumgartlinger,at AUT,MF,Leverkusen,31,1988,27,20,"1,791",2,2,0,0,4,0
2019-2020,Bundesliga,38,Christoph Baumgartner,at AUT,"MF,FW",Hoffenheim,19,1999,26,17,"1,493",7,2,0,0,3,0
2019-2020,Bundesliga,39,Noah Joel Sarenren Bazee,ng NGA,FW,Augsburg,22,1996,10,4,381,1,0,0,0,1,0
2019-2020,Bundesliga,40,Ihlas Bebou,tg TOG,"FW,MF",Hoffenheim,25,1994,32,20,"2,102",6,1,0,0,1,0
2019-2020,Bundesliga,41,Sheraldo Becker,nl NED,"MF,FW",Union Berlin,24,1995,13,5,540,0,2,0,0,1,0
2019-2020,Bundesliga,42,Timo Becker,de GER,"DF,MF",Schalke 04,22,1997,10,4,336,0,0,0,0,0,0
2019-2020,Bundesliga,43,Maximilian Beier,de GER,FW,Hoffenheim,16,2002,6,0,109,0,0,0,0,1,0
2019-2020,Bundesliga,44,Ishak Belfodil,dz ALG,"FW,MF",Hoffenheim,27,1992,5,3,269,0,0,0,0,0,0
2019-2020,Bundesliga,45,Karim Bellarabi,de GER,"FW,DF",Leverkusen,29,1990,26,17,"1,424",4,6,0,0,2,0
2019-2020,Bundesliga,46,Lars Bender,de GER,"DF,MF",Leverkusen,30,1989,18,16,"1,373",2,1,0,0,3,0
2019-2020,Bundesliga,47,Sven Bender,de GER,DF,Leverkusen,30,1989,33,33,"2,726",2,1,0,0,3,0
2019-2020,Bundesliga,48,László Bénes,sk SVK,MF,M'Gladbach,21,1997,22,10,898,0,4,0,0,3,0
2019-2020,Bundesliga,49,Keanen Bennetts,eng ENG,MF,M'Gladbach,20,1999,1,0,1,0,0,0,0,0,0
2019-2020,Bundesliga,50,Ramy Bensebaini,dz ALG,DF,M'Gladbach,24,1995,19,16,"1,448",5,3,2,2,8,1
2019-2020,Bundesliga,51,Valon Berisha,xk KVX,"MF,FW",Düsseldorf,26,1993,13,12,941,0,1,0,0,1,0
2019-2020,Bundesliga,52,Louis Beyer,de GER,DF,M'Gladbach,19,2000,3,0,110,0,0,0,0,1,0
2019-2020,Bundesliga,53,Ermin Bičakčić,ba BIH,DF,Hoffenheim,29,1990,21,13,"1,176",2,0,0,0,0,0
2019-2020,Bundesliga,54,Leonardo Bittencourt,de GER,"FW,MF",Werder Bremen,25,1993,28,23,"1,889",4,2,0,0,6,0
2019-2020,Bundesliga,55,Leonardo Bittencourt,de GER,FW,Hoffenheim,25,1993,1,0,3,0,0,0,0,1,0
2019-2020,Bundesliga,56,Jérôme Boateng,de GER,DF,Bayern Munich,30,1988,24,23,"1,796",0,2,0,0,5,1
2019-2020,Bundesliga,57,Adam Bodzek,de GER,MF,Düsseldorf,33,1985,28,22,"2,015",0,0,0,0,10,0
2019-2020,Bundesliga,58,Jean-Paul Boëtius,nl NED,MF,Mainz 05,25,1994,28,26,"2,266",4,5,0,0,5,0
2019-2020,Bundesliga,59,Melayro Bogarde,nl NED,DF,Hoffenheim,17,2002,2,1,51,0,0,0,0,1,0
2019-2020,Bundesliga,60,Dennis Borkowski,de GER,FW,RB Leipzig,17,2002,1,0,9,0,0,0,0,0,0
2019-2020,Bundesliga,61,Robin Bormuth,de GER,DF,Düsseldorf,23,1995,3,2,181,0,0,0,0,0,0
2019-2020,Bundesliga,62,Sebastiaan Bornauw,be BEL,DF,Köln,20,1999,28,28,"2,447",6,0,0,0,5,1
2019-2020,Bundesliga,63,Brandon Borrello,au AUS,"MF,FW",Freiburg,24,1995,7,4,298,0,0,0,0,0,0
2019-2020,Bundesliga,64,Nassim Boujellab,de GER,"MF,FW",Schalke 04,20,1999,11,3,419,0,0,0,0,2,0
2019-2020,Bundesliga,65,Dedryck Boyata,be BEL,DF,Hertha BSC,28,1990,28,28,"2,436",4,1,0,0,8,1
2019-2020,Bundesliga,66,Can Bozdogan,de GER,MF,Schalke 04,18,2001,3,3,235,0,0,0,0,2,1
2019-2020,Bundesliga,67,Julian Brandt,de GER,"MF,FW",Dortmund,23,1996,33,25,"2,203",3,7,0,0,0,0
2019-2020,Bundesliga,68,Josip Brekalo,hr CRO,"MF,FW",Wolfsburg,21,1998,30,19,"1,670",3,4,0,0,0,0
2019-2020,Bundesliga,69,John Brooks,us USA,DF,Wolfsburg,26,1993,25,25,"2,224",0,1,0,0,4,0
2019-2020,Bundesliga,70,Daniel Brosinski,de GER,DF,Mainz 05,31,1988,26,16,"1,709",2,4,1,1,3,0
2019-2020,Bundesliga,71,Jeffrey Bruma,nl NED,DF,Mainz 05,27,1991,8,8,675,0,0,0,0,3,0
2019-2020,Bundesliga,72,Jeffrey Bruma,nl NED,DF,Wolfsburg,27,1991,9,9,810,0,0,0,0,1,0
2019-2020,Bundesliga,73,Jacob Bruun Larsen,dk DEN,"FW,MF",Hoffenheim,20,1998,11,5,391,0,1,0,0,0,0
2019-2020,Bundesliga,74,Jacob Bruun Larsen,dk DEN,FW,Dortmund,20,1998,4,0,68,0,1,0,0,0,0
2019-2020,Bundesliga,75,Marius Bülter,de GER,"MF,FW",Union Berlin,26,1993,32,28,"2,321",7,1,0,0,1,0
2019-2020,Bundesliga,76,Guido Burgstaller,at AUT,FW,Schalke 04,30,1989,21,13,"1,234",0,1,0,0,3,0
2019-2020,Bundesliga,77,Jonathan Burkardt,de GER,FW,Mainz 05,19,2000,8,3,253,1,0,0,0,0,0
2019-2020,Bundesliga,78,Roman Bürki,ch SUI,GK,Dortmund,28,1990,31,31,"2,770",0,0,0,0,0,0
2019-2020,Bundesliga,79,Daniel Caligiuri,it ITA,"MF,FW",Schalke 04,31,1988,28,26,"2,293",2,2,1,1,5,0
2019-2020,Bundesliga,80,Emre Can,de GER,"MF,DF",Dortmund,25,1994,12,10,955,2,0,0,0,5,0
2019-2020,Bundesliga,81,Koen Casteels,be BEL,GK,Wolfsburg,27,1992,26,26,"2,340",0,0,0,0,1,0
2019-2020,Bundesliga,82,Timothy Chandler,us USA,"DF,MF",Eint Frankfurt,29,1990,22,12,"1,220",5,1,0,0,4,0
2019-2020,Bundesliga,83,Kwon Chang-hoon,kr KOR,"MF,FW",Freiburg,25,1994,23,6,676,2,0,0,0,0,0
2019-2020,Bundesliga,84,Darko Churlinov,mk MKD,FW,Köln,19,2000,1,0,21,0,0,0,0,0,0
2019-2020,Bundesliga,85,Per Ciljan Skjelbred,no NOR,MF,Hertha BSC,32,1987,24,21,"1,628",0,0,0,0,4,0
2019-2020,Bundesliga,86,Christian Clemens,de GER,"MF,FW",Köln,27,1991,1,0,16,0,0,0,0,0,0
2019-2020,Bundesliga,87,Jamilu Collins,ng NGA,DF,Paderborn 07,24,1994,30,30,"2,668",1,2,0,1,9,1
2019-2020,Bundesliga,88,Kingsley Coman,fr FRA,"FW,MF",Bayern Munich,23,1996,24,17,"1,505",4,3,0,0,2,0
2019-2020,Bundesliga,89,Jhon Córdoba,co COL,FW,Köln,26,1993,29,23,"1,998",13,2,0,0,5,0
2019-2020,Bundesliga,90,Sergio Córdova,ve VEN,"FW,MF",Augsburg,21,1997,16,4,367,2,1,0,0,0,0
2019-2020,Bundesliga,91,Danny da Costa,de GER,"DF,MF",Eint Frankfurt,26,1993,19,15,"1,389",1,4,0,0,0,0
2019-2020,Bundesliga,92,Philippe Coutinho,br BRA,"MF,FW",Bayern Munich,27,1992,23,15,"1,411",8,6,1,1,0,0
2019-2020,Bundesliga,93,Mickaël Cuisance,fr FRA,"MF,FW",Bayern Munich,19,1999,9,3,307,1,0,0,0,1,0
2019-2020,Bundesliga,94,Matheus Cunha,br BRA,"FW,MF",Hertha BSC,20,1999,11,9,744,6,0,0,0,3,0
2019-2020,Bundesliga,95,Matheus Cunha,br BRA,"FW,MF",RB Leipzig,20,1999,10,2,279,0,1,0,0,0,0
2019-2020,Bundesliga,96,Rafael Czichos,de GER,DF,Köln,29,1990,26,26,"2,207",1,1,0,0,4,1
2019-2020,Bundesliga,97,Moanes Dabour,il ISR,FW,Hoffenheim,27,1992,14,11,766,4,0,0,0,4,0
2019-2020,Bundesliga,98,Mahmoud Dahoud,de GER,MF,Dortmund,23,1996,12,6,558,0,1,0,0,1,0
2019-2020,Bundesliga,99,Leon Dajaku,de GER,DF,Bayern Munich,18,2001,2,0,12,0,0,0,0,0,0
2019-2020,Bundesliga,100,Vladimír Darida,cz CZE,MF,Hertha BSC,28,1990,28,25,"2,256",3,4,0,0,8,1
2019-2020,Bundesliga,101,Alphonso Davies,ca CAN,DF,Bayern Munich,18,2000,29,24,"2,234",3,5,0,0,4,1
2019-2020,Bundesliga,102,Thomas Delaney,dk DEN,MF,Dortmund,27,1991,11,11,830,0,0,0,0,4,0
2019-2020,Bundesliga,103,Kerem Demirbay,de GER,MF,Leverkusen,26,1993,25,18,"1,573",1,5,0,0,4,1
2019-2020,Bundesliga,104,Diego Demme,de GER,MF,RB Leipzig,27,1991,17,14,"1,211",0,0,0,0,3,0
2019-2020,Bundesliga,105,Moussa Diaby,fr FRA,"FW,MF",Leverkusen,20,1999,28,18,"1,771",5,5,0,0,3,0
2019-2020,Bundesliga,106,Javairô Dilrosun,nl NED,"MF,FW",Hertha BSC,21,1998,23,16,"1,309",4,2,0,0,2,0
2019-2020,Bundesliga,107,Ji Dong-won,kr KOR,FW,Mainz 05,28,1991,4,1,102,0,0,0,0,1,0
2019-2020,Bundesliga,108,Bas Dost,nl NED,FW,Eint Frankfurt,30,1989,24,16,"1,475",8,2,0,0,2,0
2019-2020,Bundesliga,109,Mamadou Doucouré,fr FRA,MF,M'Gladbach,21,1998,2,0,2,0,0,0,0,0,0
2019-2020,Bundesliga,110,Mohamed Dräger,tn TUN,DF,Paderborn 07,23,1996,18,16,"1,455",1,3,0,0,2,0
2019-2020,Bundesliga,111,Aleksandar Dragović,at AUT,DF,Leverkusen,28,1991,15,10,"1,029",0,0,0,0,7,1
2019-2020,Bundesliga,112,Dominick Drexler,de GER,"MF,FW",Köln,29,1990,27,18,"1,587",3,4,0,0,5,0
2019-2020,Bundesliga,113,Ondrej Duda,sk SVK,"MF,FW",Hertha BSC,24,1994,7,6,447,0,1,0,0,2,0
2019-2020,Bundesliga,114,Erik Durm,de GER,DF,Eint Frankfurt,27,1992,9,6,511,0,0,0,0,0,0
2019-2020,Bundesliga,115,Johannes Eggestein,de GER,"MF,FW",Werder Bremen,21,1998,14,4,510,1,0,0,0,3,1
2019-2020,Bundesliga,116,Maximilian Eggestein,de GER,"MF,DF",Werder Bremen,22,1996,32,32,"2,855",1,3,0,0,6,0
2019-2020,Bundesliga,117,Kingsley Ehizibue,nl NED,DF,Köln,24,1995,31,29,"2,329",1,1,0,0,6,1
2019-2020,Bundesliga,118,Ilay Elmkies,il ISR,MF,Hoffenheim,19,2000,1,0,1,0,0,0,0,0,0
2019-2020,Bundesliga,119,Nico Elvedi,ch SUI,DF,M'Gladbach,22,1996,32,30,"2,618",1,0,0,0,5,0
2019-2020,Bundesliga,120,Breel Embolo,ch SUI,"FW,MF",M'Gladbach,22,1997,28,17,"1,550",8,5,0,1,4,0
2019-2020,Bundesliga,121,Alexander Esswein,de GER,"FW,MF",Hertha BSC,29,1990,7,1,213,0,0,0,0,1,0
2019-2020,Bundesliga,122,Antony Evans,eng ENG,"MF,DF",Paderborn 07,20,1998,6,2,156,0,0,0,0,0,0
2019-2020,Bundesliga,123,Simon Falette,gn GUI,DF,Eint Frankfurt,27,1992,1,1,90,0,0,0,0,0,0
2019-2020,Bundesliga,124,Ohis Felix Uduokhai,de GER,DF,Augsburg,21,1997,26,21,"1,966",0,0,0,0,3,0
2019-2020,Bundesliga,125,Edimilson Fernandes,ch SUI,"MF,DF",Mainz 05,23,1996,24,18,"1,484",1,0,0,0,7,1
2019-2020,Bundesliga,126,Gelson Fernandes,ch SUI,MF,Eint Frankfurt,32,1986,11,10,775,0,0,0,0,5,1
2019-2020,Bundesliga,127,Oliver Fink,de GER,"MF,FW",Düsseldorf,37,1982,14,8,675,0,1,0,0,2,0
2019-2020,Bundesliga,128,Alfreð Finnbogason,is ISL,FW,Augsburg,30,1989,21,10,966,3,1,1,1,1,0
2019-2020,Bundesliga,129,Mark Flekken,nl NED,GK,Freiburg,26,1993,10,10,900,0,0,0,0,0,0
2019-2020,Bundesliga,130,Emil Forsberg,se SWE,"MF,FW",RB Leipzig,27,1991,22,14,"1,141",5,2,2,2,1,0
2019-2020,Bundesliga,131,Raphael Framberger,de GER,DF,Augsburg,23,1995,18,12,"1,175",0,2,0,0,3,0
2019-2020,Bundesliga,132,Mike Frantz,de GER,"MF,DF",Freiburg,32,1986,18,3,350,0,1,0,0,2,0
2019-2020,Bundesliga,133,Marco Friedl,at AUT,DF,Werder Bremen,21,1998,27,24,"2,183",1,3,0,0,9,0
2019-2020,Bundesliga,134,Marvin Friedrich,de GER,DF,Union Berlin,23,1995,31,31,"2,789",2,0,0,0,11,1
2019-2020,Bundesliga,135,Samúel Friðjónsson,is ISL,MF,Paderborn 07,23,1996,5,2,192,0,0,0,0,1,0
2019-2020,Bundesliga,136,Niclas Füllkrug,de GER,FW,Werder Bremen,26,1993,8,4,403,4,1,0,0,2,0
2019-2020,Bundesliga,137,Mijat Gaćinović,rs SRB,"MF,FW",Eint Frankfurt,24,1995,23,11,"1,048",0,1,0,0,2,0
2019-2020,Bundesliga,138,Theodor Gebre Selassie,cz CZE,DF,Werder Bremen,32,1986,28,28,"2,427",2,2,0,0,2,0
2019-2020,Bundesliga,139,Dennis Geiger,de GER,MF,Hoffenheim,21,1998,21,13,"1,136",0,3,0,0,3,0
2019-2020,Bundesliga,140,Christian Gentner,de GER,MF,Union Berlin,33,1985,31,29,"2,443",3,2,0,0,4,0
2019-2020,Bundesliga,141,Yannick Gerhardt,de GER,MF,Wolfsburg,25,1994,18,7,828,2,0,0,0,1,0
2019-2020,Bundesliga,142,Niko Gießelmann,de GER,DF,Düsseldorf,27,1991,25,22,"2,057",1,1,0,0,6,0
2019-2020,Bundesliga,143,Rafał Gikiewicz,pl POL,GK,Union Berlin,31,1987,33,33,"2,970",0,0,0,0,0,0
2019-2020,Bundesliga,144,Daniel Ginczek,de GER,FW,Wolfsburg,28,1991,18,9,768,3,1,0,0,2,0
2019-2020,Bundesliga,145,Matthias Ginter,de GER,DF,M'Gladbach,25,1994,31,31,"2,780",1,1,0,0,2,0
2019-2020,Bundesliga,146,Klaus Gjasula,al ALB,MF,Paderborn 07,29,1989,29,28,"2,280",2,1,0,1,17,0
2019-2020,Bundesliga,147,Serge Gnabry,de GER,"FW,MF",Bayern Munich,24,1995,31,26,"2,193",12,10,0,0,0,0
2019-2020,Bundesliga,148,Akaki Gogia,de GER,"MF,FW",Union Berlin,27,1992,3,1,121,0,0,0,0,0,0
2019-2020,Bundesliga,149,Benjamin Goller,de GER,"FW,MF",Werder Bremen,20,1999,10,2,288,0,0,0,0,0,0
2019-2020,Bundesliga,150,Jérôme Gondorf,de GER,MF,Freiburg,31,1988,2,2,120,0,0,0,0,1,0
2019-2020,Bundesliga,151,Leon Goretzka,de GER,MF,Bayern Munich,24,1995,24,17,"1,512",6,5,0,0,2,0
2019-2020,Bundesliga,152,Mario Götze,de GER,FW,Dortmund,27,1992,15,5,521,3,0,1,1,0,0
2019-2020,Bundesliga,153,Jeffrey Gouweleeuw,nl NED,DF,Augsburg,28,1991,21,18,"1,645",0,1,0,0,5,0
2019-2020,Bundesliga,154,Michael Gregoritsch,at AUT,FW,Schalke 04,25,1994,14,10,829,1,1,0,0,2,0
2019-2020,Bundesliga,155,Michael Gregoritsch,at AUT,"MF,FW",Augsburg,25,1994,6,4,303,0,0,0,0,0,0
2019-2020,Bundesliga,156,Vincenzo Grifo,it ITA,MF,Hoffenheim,26,1993,1,0,15,0,0,0,0,0,0
2019-2020,Bundesliga,157,Vincenzo Grifo,it ITA,"MF,FW",Freiburg,26,1993,26,17,"1,618",4,8,1,1,1,1
2019-2020,Bundesliga,158,Florian Grillitsch,at AUT,"MF,DF",Hoffenheim,23,1995,31,28,"2,408",0,3,0,0,3,0
2019-2020,Bundesliga,159,Christian Groß,de GER,"DF,MF",Werder Bremen,30,1989,14,10,872,0,0,0,0,2,0
2019-2020,Bundesliga,160,Carlos Gruezo,ec ECU,MF,Augsburg,24,1995,11,10,886,0,1,0,0,3,0
2019-2020,Bundesliga,161,Marko Grujić,rs SRB,MF,Hertha BSC,23,1996,29,29,"2,415",4,1,0,0,9,0
2019-2020,Bundesliga,162,Raphaël Guerreiro,pt POR,DF,Dortmund,25,1993,29,26,"2,335",8,2,0,0,3,0
2019-2020,Bundesliga,163,Babacar Guèye,sn SEN,FW,Paderborn 07,24,1994,3,1,110,0,0,0,0,0,0
2019-2020,Bundesliga,164,Josuha Guilavogui,fr FRA,"MF,DF",Wolfsburg,28,1990,25,23,"2,062",0,1,0,0,7,1
2019-2020,Bundesliga,165,Péter Gulácsi,hu HUN,GK,RB Leipzig,29,1990,32,32,"2,880",0,1,0,0,0,0
2019-2020,Bundesliga,166,Manuel Gulde,de GER,DF,Freiburg,28,1991,17,15,"1,371",1,0,0,0,0,0
2019-2020,Bundesliga,167,Christian Günter,de GER,DF,Freiburg,26,1993,34,34,"3,029",2,8,0,0,2,0
2019-2020,Bundesliga,168,Jonathan de Guzmán,nl NED,"MF,FW",Eint Frankfurt,31,1987,8,0,87,0,1,0,0,1,0
2019-2020,Bundesliga,169,Janik Haberer,de GER,"MF,FW",Freiburg,25,1994,26,20,"1,721",2,2,0,0,5,1
2019-2020,Bundesliga,170,Alexander Hack,de GER,DF,Mainz 05,25,1993,14,9,805,0,0,0,0,2,0
2019-2020,Bundesliga,171,André Hahn,de GER,"FW,MF",Augsburg,28,1990,15,8,702,1,0,0,1,6,1
2019-2020,Bundesliga,172,Amadou Haidara,ml MLI,MF,RB Leipzig,21,1998,19,5,756,0,1,0,0,1,0
2019-2020,Bundesliga,173,Achraf Hakimi,ma MAR,"DF,FW",Dortmund,20,1998,33,29,"2,715",5,10,0,0,5,0
2019-2020,Bundesliga,174,Erling Håland,no NOR,FW,Dortmund,19,2000,15,11,"1,063",13,2,0,0,0,0
2019-2020,Bundesliga,175,Marcel Halstenberg,de GER,DF,RB Leipzig,27,1991,29,28,"2,520",3,3,0,0,6,1
2019-2020,Bundesliga,176,Amine Harit,ma MAR,"MF,FW",Schalke 04,22,1997,25,24,"2,102",6,4,1,1,3,0
2019-2020,Bundesliga,177,Martin Harnik,at AUT,"MF,FW",Werder Bremen,32,1987,2,0,9,0,0,0,0,1,0
2019-2020,Bundesliga,178,Makoto Hasebe,jp JPN,"DF,MF",Eint Frankfurt,35,1984,23,21,"1,968",0,0,0,0,3,0
2019-2020,Bundesliga,179,Kai Havertz,de GER,"MF,FW",Leverkusen,20,1999,30,29,"2,454",12,6,1,1,3,0
2019-2020,Bundesliga,180,Thorgan Hazard,be BEL,"FW,MF",Dortmund,26,1993,33,28,"2,380",7,13,0,0,3,0
2019-2020,Bundesliga,181,Jonas Hector,de GER,"MF,DF",Köln,29,1990,29,28,"2,433",4,2,0,0,9,0
2019-2020,Bundesliga,182,Dominique Heintz,de GER,DF,Freiburg,25,1993,28,27,"2,434",0,1,0,0,2,0
2019-2020,Bundesliga,183,Rouwen Hennings,de GER,FW,Düsseldorf,31,1987,32,27,"2,459",15,0,4,4,4,0
2019-2020,Bundesliga,184,Lucas Hernández,fr FRA,DF,Bayern Munich,23,1996,19,10,920,0,1,0,0,3,0
2019-2020,Bundesliga,185,Patrick Herrmann,de GER,"FW,MF",M'Gladbach,28,1991,27,16,"1,453",6,6,0,0,4,0
2019-2020,Bundesliga,186,Martin Hinteregger,at AUT,DF,Eint Frankfurt,26,1992,31,30,"2,721",8,1,0,0,8,0
2019-2020,Bundesliga,187,Marwin Hitz,ch SUI,GK,Dortmund,31,1987,4,3,290,0,0,0,0,0,0
2019-2020,Bundesliga,188,André Hoffmann,de GER,DF,Düsseldorf,26,1993,29,27,"2,428",2,1,0,0,7,0
2019-2020,Bundesliga,189,Nicolas Höfler,de GER,MF,Freiburg,29,1990,32,31,"2,783",1,0,0,0,9,0
2019-2020,Bundesliga,190,Jonas Hofmann,de GER,MF,Schalke 04,22,1997,1,0,2,0,0,0,0,0,0
2019-2020,Bundesliga,191,Jonas Hofmann,de GER,"MF,FW",M'Gladbach,27,1992,24,18,"1,633",5,3,0,0,3,0
2019-2020,Bundesliga,192,Marco Höger,de GER,MF,Köln,29,1989,15,6,676,0,0,0,0,2,0
2019-2020,Bundesliga,193,Lucas Höler,de GER,"FW,MF",Freiburg,25,1994,34,28,"2,485",8,2,0,1,4,0
2019-2020,Bundesliga,194,Gerrit Holtmann,de GER,"MF,DF",Paderborn 07,24,1995,24,13,"1,065",1,0,0,0,1,1
2019-2020,Bundesliga,195,Luca Horn,de GER,DF,Wolfsburg,20,1998,1,0,6,0,0,0,0,0,0
2019-2020,Bundesliga,196,Timo Horn,de GER,GK,Köln,26,1993,34,34,"3,060",0,0,0,0,0,0
2019-2020,Bundesliga,197,Lukáš Hrádecký,fi FIN,GK,Leverkusen,29,1989,34,34,"3,060",0,0,0,0,1,0
2019-2020,Bundesliga,198,Benjamin Hübner,de GER,DF,Hoffenheim,30,1989,25,25,"2,070",1,4,0,0,6,2
2019-2020,Bundesliga,199,Florian Hübner,de GER,DF,Union Berlin,28,1991,11,9,850,0,0,0,0,2,0
2019-2020,Bundesliga,200,Mats Hummels,de GER,DF,Dortmund,30,1988,31,31,"2,581",1,3,0,0,8,1
2019-2020,Bundesliga,201,Uwe Hünemeier,de GER,DF,Paderborn 07,33,1986,16,13,"1,209",1,0,1,1,7,1
2019-2020,Bundesliga,202,Jannik Huth,de GER,GK,Paderborn 07,25,1994,6,6,540,0,0,0,0,0,0
2019-2020,Bundesliga,203,Iago,br BRA,"DF,MF",Augsburg,22,1997,10,7,674,1,1,0,0,0,0
2019-2020,Bundesliga,204,Vedad Ibišević,ba BIH,FW,Hertha BSC,34,1984,25,15,"1,257",7,2,1,1,4,0
2019-2020,Bundesliga,205,Luc Ihorst,de GER,FW,Werder Bremen,19,2000,1,0,11,0,0,0,0,0,0
2019-2020,Bundesliga,206,Stefan Ilsanker,at AUT,DF,RB Leipzig,30,1989,6,5,418,0,0,0,0,2,0
2019-2020,Bundesliga,207,Stefan Ilsanker,at AUT,"DF,MF",Eint Frankfurt,30,1989,12,9,838,2,1,0,0,4,0
2019-2020,Bundesliga,208,Marcus Ingvartsen,dk DEN,"MF,FW",Union Berlin,23,1996,28,20,"1,716",5,2,1,1,4,0
2019-2020,Bundesliga,209,Gian-Luca Itter,de GER,"DF,MF",Freiburg,20,1999,3,0,35,0,0,0,0,0,0
2019-2020,Bundesliga,210,Ismail Jakobs,de GER,"FW,DF",Köln,19,1999,20,20,"1,672",2,2,0,0,4,0
2019-2020,Bundesliga,211,Laurent Jans,lu LUX,DF,Paderborn 07,26,1992,22,19,"1,571",0,1,0,0,2,0
2019-2020,Bundesliga,212,Tony Jantschke,de GER,DF,M'Gladbach,29,1990,17,11,"1,012",0,0,0,0,6,0
2019-2020,Bundesliga,213,Rune Jarstein,no NOR,GK,Hertha BSC,34,1984,29,29,"2,547",0,0,0,0,1,1
2019-2020,Bundesliga,214,Dennis Jastrzembski,de GER,"DF,MF",Paderborn 07,19,2000,6,1,177,0,0,0,0,0,0
2019-2020,Bundesliga,215,Tin Jedvaj,hr CRO,DF,Augsburg,23,1995,31,30,"2,638",2,0,0,0,6,0
2019-2020,Bundesliga,216,Fredrik Jensen,fi FIN,"FW,MF",Augsburg,21,1997,10,5,457,1,0,0,0,0,0
2019-2020,Bundesliga,217,Fabian Johnson,us USA,"MF,DF",M'Gladbach,31,1987,6,3,271,0,0,0,0,0,0
2019-2020,Bundesliga,218,Dejan Joveljić,rs SRB,FW,Eint Frankfurt,19,1999,4,2,150,0,0,0,0,1,0
2019-2020,Bundesliga,219,Mathias Jørgensen,dk DEN,DF,Düsseldorf,29,1990,9,5,498,0,1,0,0,1,0
2019-2020,Bundesliga,220,Ozan Kabak,tr TUR,DF,Schalke 04,19,2000,26,21,"1,777",3,1,0,0,4,0
2019-2020,Bundesliga,221,Pavel Kadeřábek,cz CZE,"DF,MF",Hoffenheim,27,1992,30,28,"2,474",2,7,0,0,2,0
2019-2020,Bundesliga,222,Florian Kainz,at AUT,"FW,MF",Köln,26,1992,28,16,"1,561",5,6,1,1,5,0
2019-2020,Bundesliga,223,Salomon Kalou,ci CIV,"FW,MF",Hertha BSC,33,1985,5,1,146,1,0,0,0,0,0
2019-2020,Bundesliga,224,Daichi Kamada,jp JPN,"MF,FW",Eint Frankfurt,22,1996,28,22,"1,969",2,4,0,0,5,0
2019-2020,Bundesliga,225,Kevin Kampl,si SVN,MF,RB Leipzig,28,1990,11,8,675,2,2,0,0,1,0
2019-2020,Bundesliga,226,Stefanos Kapino,gr GRE,GK,Werder Bremen,25,1994,1,1,90,0,0,0,0,0,0
2019-2020,Bundesliga,227,Kenan Karaman,tr TUR,FW,Düsseldorf,25,1994,20,16,"1,354",6,1,0,0,4,0
2019-2020,Bundesliga,228,Mamoudou Karamoko,fr FRA,MF,Wolfsburg,20,1999,1,0,9,0,0,0,0,0,0
2019-2020,Bundesliga,229,Florian Kastenmeier,de GER,GK,Düsseldorf,22,1997,17,17,"1,530",0,0,0,0,0,0
2019-2020,Bundesliga,230,Noah Katterbach,de GER,DF,Köln,18,2001,18,16,"1,316",0,0,0,0,2,0
2019-2020,Bundesliga,231,Yannik Keitel,de GER,MF,Freiburg,19,2000,3,2,174,0,0,0,0,0,0
2019-2020,Bundesliga,232,Jonjoe Kenny,eng ENG,DF,Schalke 04,22,1997,31,31,"2,717",2,3,0,0,5,0
2019-2020,Bundesliga,233,Rani Khedira,de GER,MF,Augsburg,25,1994,32,32,"2,649",0,2,0,0,8,0
2019-2020,Bundesliga,234,Luca Kilian,de GER,DF,Paderborn 07,19,1999,15,14,"1,261",0,0,0,0,1,0
2019-2020,Bundesliga,235,Joshua Kimmich,de GER,"MF,DF",Bayern Munich,24,1995,33,32,"2,818",4,7,0,0,7,0
2019-2020,Bundesliga,236,Davy Klaassen,nl NED,MF,Werder Bremen,26,1993,33,33,"2,936",7,5,1,3,7,0
2019-2020,Bundesliga,237,Felix Klaus,de GER,"FW,MF",Wolfsburg,26,1992,23,6,670,0,1,0,0,0,1
2019-2020,Bundesliga,238,Lukas Klostermann,de GER,DF,RB Leipzig,23,1996,31,31,"2,643",3,1,0,0,1,0
2019-2020,Bundesliga,239,Lukas Klünter,de GER,DF,Hertha BSC,23,1996,23,20,"1,878",0,2,0,0,5,0
2019-2020,Bundesliga,240,Robin Knoche,de GER,DF,Wolfsburg,27,1992,21,17,"1,594",1,0,0,0,2,0
2019-2020,Bundesliga,241,Robin Koch,de GER,"DF,MF",Freiburg,23,1996,32,31,"2,705",1,0,0,0,3,0
2019-2020,Bundesliga,242,Dominik Kohr,de GER,MF,Eint Frankfurt,25,1994,26,16,"1,445",0,3,0,0,5,1
2019-2020,Bundesliga,243,Ibrahima Konaté,fr FRA,DF,RB Leipzig,20,1999,8,6,569,0,0,0,0,2,0
2019-2020,Bundesliga,244,Pascal Köpke,de GER,FW,Hertha BSC,23,1995,4,1,121,0,0,0,0,0,0
2019-2020,Bundesliga,245,Filip Kostić,rs SRB,"DF,MF",Eint Frankfurt,26,1992,33,33,"2,958",4,11,0,0,4,0
2019-2020,Bundesliga,246,Tomáš Koubek,cz CZE,GK,Augsburg,26,1992,24,24,"2,160",0,0,0,0,2,0
2019-2020,Bundesliga,247,Dawid Kownacki,pl POL,"FW,MF",Düsseldorf,22,1997,20,11,"1,093",0,0,0,0,4,0
2019-2020,Bundesliga,248,Thomas Kraft,de GER,GK,Hertha BSC,31,1988,4,4,360,0,0,0,0,1,0
2019-2020,Bundesliga,249,Andrej Kramarić,hr CRO,"FW,MF",Hoffenheim,28,1991,19,14,"1,422",12,2,2,2,3,0
2019-2020,Bundesliga,250,Christoph Kramer,de GER,MF,M'Gladbach,28,1991,22,17,"1,464",0,0,0,0,4,0
2019-2020,Bundesliga,251,Tom Krauß,de GER,MF,RB Leipzig,18,2001,1,0,4,0,0,0,0,0,0
2019-2020,Bundesliga,252,Felix Kroos,de GER,MF,Union Berlin,28,1991,15,3,378,0,0,0,0,1,0
2019-2020,Bundesliga,253,Lukas Kübler,de GER,DF,Freiburg,26,1992,5,3,209,0,0,0,0,1,0
2019-2020,Bundesliga,254,Pierre Kunde,cm CMR,MF,Mainz 05,24,1995,28,22,"1,866",4,0,0,0,6,0
2019-2020,Bundesliga,255,Ahmed Kutucu,tr TUR,"FW,MF",Schalke 04,19,2000,25,3,679,3,2,0,0,2,0
2019-2020,Bundesliga,256,Konrad Laimer,at AUT,MF,RB Leipzig,22,1997,29,26,"2,115",2,6,0,0,8,1
2019-2020,Bundesliga,257,Stefan Lainer,at AUT,DF,M'Gladbach,26,1992,31,31,"2,710",1,3,0,0,9,0
2019-2020,Bundesliga,258,Michael Lang,ch SUI,DF,Werder Bremen,28,1991,9,6,544,0,0,0,0,0,0
2019-2020,Bundesliga,259,Sebastian Langkamp,de GER,DF,Werder Bremen,31,1988,5,3,314,0,0,0,0,3,0
2019-2020,Bundesliga,260,Danny Latza,de GER,MF,Mainz 05,29,1989,23,15,"1,373",0,2,0,0,7,0
2019-2020,Bundesliga,261,Mathew Leckie,au AUS,"DF,FW",Hertha BSC,28,1991,7,1,195,0,0,0,0,0,0
2019-2020,Bundesliga,262,Toni Leistner,de GER,DF,Köln,28,1990,13,11,"1,012",0,0,0,0,3,0
2019-2020,Bundesliga,263,Tim Lemperle,de GER,"FW,MF",Köln,17,2002,1,0,16,0,0,0,0,0,0
2019-2020,Bundesliga,264,Christopher Lenz,de GER,DF,Union Berlin,24,1994,26,26,"2,267",0,3,0,0,2,0
2019-2020,Bundesliga,265,Robert Lewandowski,pl POL,FW,Bayern Munich,30,1988,31,31,"2,759",34,4,5,5,5,0
2019-2020,Bundesliga,266,Stephan Lichtsteiner,ch SUI,DF,Augsburg,35,1984,20,17,"1,343",0,1,0,0,5,1
2019-2020,Bundesliga,267,Philipp Lienhart,at AUT,DF,Freiburg,23,1996,22,20,"1,817",0,1,0,0,3,0
2019-2020,Bundesliga,268,Jürgen Locadia,nl NED,FW,Hoffenheim,25,1993,11,5,530,4,0,1,1,1,0
2019-2020,Bundesliga,269,Ademola Lookman,eng ENG,"MF,FW",RB Leipzig,21,1997,11,1,309,0,0,0,0,0,0
2019-2020,Bundesliga,270,Eduard Löwen,de GER,"MF,FW",Augsburg,22,1997,16,7,671,2,1,0,0,0,0
2019-2020,Bundesliga,271,Eduard Löwen,de GER,MF,Hertha BSC,22,1997,7,2,314,0,0,0,0,0,0
2019-2020,Bundesliga,272,Jan Luca Rumpf,de GER,DF,Paderborn 07,20,1999,1,1,90,0,0,0,0,0,0
2019-2020,Bundesliga,273,Lucas,br BRA,MF,Hoffenheim,20,1999,2,0,65,1,0,0,0,1,0
2019-2020,Bundesliga,274,Dodi Lukebakio,cd COD,"FW,MF",Hertha BSC,21,1997,30,24,"2,031",7,6,0,0,2,0
2019-2020,Bundesliga,275,Andreas Luthe,de GER,GK,Augsburg,32,1987,10,10,900,0,0,0,0,0,0
2019-2020,Bundesliga,276,Arne Maier,de GER,MF,Hertha BSC,20,1999,14,5,535,0,0,0,0,0,0
2019-2020,Bundesliga,277,Yunus Mallı,tr TUR,"FW,MF",Union Berlin,27,1992,13,9,673,0,1,0,0,1,0
2019-2020,Bundesliga,278,Streli Mamba,de GER,FW,Paderborn 07,25,1994,24,18,"1,521",5,2,0,0,5,0
2019-2020,Bundesliga,279,Omar Marmoush,eg EGY,"MF,FW",Wolfsburg,20,1999,5,0,81,0,0,0,0,0,0
2019-2020,Bundesliga,280,Aarón Martín,es ESP,DF,Mainz 05,22,1997,22,21,"1,792",0,0,0,0,2,0
2019-2020,Bundesliga,281,Javi Martínez,es ESP,"DF,MF",Bayern Munich,30,1988,16,6,675,0,0,0,0,5,1
2019-2020,Bundesliga,282,Omar Mascarell,es ESP,MF,Schalke 04,26,1993,23,23,"2,026",0,1,0,0,4,0
2019-2020,Bundesliga,283,Jean-Philippe Mateta,fr FRA,FW,Mainz 05,22,1997,18,12,"1,053",3,1,1,1,2,1
2019-2020,Bundesliga,284,Rabbi Matondo,wal WAL,"FW,MF",Schalke 04,18,2000,20,14,"1,162",2,0,0,0,1,0
2019-2020,Bundesliga,285,Philipp Max,de GER,DF,Augsburg,25,1993,31,31,"2,706",8,6,1,1,5,0
2019-2020,Bundesliga,286,Alexandru Maxim,ro ROU,MF,Mainz 05,29,1990,5,0,117,0,0,0,0,1,0
2019-2020,Bundesliga,287,Kevin Mbabu,ch SUI,DF,Wolfsburg,24,1995,20,18,"1,696",3,1,0,0,4,0
2019-2020,Bundesliga,288,Weston McKennie,us USA,"MF,DF",Schalke 04,20,1998,28,24,"2,074",3,0,0,0,8,0
2019-2020,Bundesliga,289,Joshua Mees,de GER,"MF,FW",Union Berlin,23,1996,15,1,325,0,1,0,0,1,0
2019-2020,Bundesliga,290,Admir Mehmedi,ch SUI,"MF,FW",Wolfsburg,28,1991,21,14,"1,200",2,2,0,0,0,0
2019-2020,Bundesliga,291,Levent Mercan,de GER,MF,Schalke 04,18,2000,5,1,71,0,0,0,0,0,0
2019-2020,Bundesliga,292,Jorge Meré,es ESP,DF,Köln,22,1997,11,5,619,1,0,0,0,4,1
2019-2020,Bundesliga,293,Sven Michel,de GER,FW,Paderborn 07,29,1990,29,13,"1,376",5,1,0,0,7,0
2019-2020,Bundesliga,294,Juan Miranda,es ESP,DF,Schalke 04,19,2000,11,8,781,0,0,0,0,2,0
2019-2020,Bundesliga,295,Maximilian Mittelstädt,de GER,"DF,FW",Hertha BSC,22,1997,26,19,"1,887",1,3,0,0,4,0
2019-2020,Bundesliga,296,Anthony Modeste,fr FRA,"FW,MF",Köln,31,1988,27,11,"1,138",4,1,0,0,1,0
2019-2020,Bundesliga,297,Kevin Möhwald,de GER,MF,Werder Bremen,26,1993,1,0,74,0,0,0,0,0,0
2019-2020,Bundesliga,298,Niklas Moisander,fi FIN,DF,Werder Bremen,33,1985,22,22,"1,979",0,0,0,0,5,1
2019-2020,Bundesliga,299,Alfredo Morales,us USA,MF,Düsseldorf,29,1990,27,18,"1,730",1,2,0,0,6,0
2019-2020,Bundesliga,300,Jan Morávek,cz CZE,MF,Augsburg,29,1989,11,4,474,0,1,0,0,1,0
2019-2020,Bundesliga,301,Mateu Morey,es ESP,"DF,FW",Dortmund,19,2000,5,2,197,0,1,0,0,0,0
2019-2020,Bundesliga,302,Nordi Mukiele,fr FRA,DF,RB Leipzig,21,1997,25,21,"1,783",3,1,0,0,1,0
2019-2020,Bundesliga,303,Florian Müller,de GER,GK,Mainz 05,21,1997,13,12,"1,125",0,0,0,0,0,0
2019-2020,Bundesliga,304,Thomas Müller,de GER,"MF,FW",Bayern Munich,29,1989,33,26,"2,255",8,21,0,0,5,0
2019-2020,Bundesliga,305,Torben Müsel,de GER,FW,M'Gladbach,20,1999,1,0,1,0,0,0,0,0,0
2019-2020,Bundesliga,306,Jamal Musiala,eng ENG,MF,Bayern Munich,16,2003,1,0,3,0,0,0,0,0,0
2019-2020,Bundesliga,307,Yvon Mvogo,ch SUI,GK,RB Leipzig,25,1994,2,2,180,0,0,0,0,0,0
2019-2020,Bundesliga,308,Phillipp Mwene,at AUT,DF,Mainz 05,25,1994,4,4,315,0,0,0,0,1,0
2019-2020,Bundesliga,309,Obite N'Dicka,fr FRA,DF,Eint Frankfurt,19,1999,22,20,"1,721",1,1,0,0,3,0
2019-2020,Bundesliga,310,Matija Nastasić,rs SRB,DF,Schalke 04,26,1993,16,15,"1,365",0,0,0,0,2,0
2019-2020,Bundesliga,311,Manuel Neuer,de GER,GK,Bayern Munich,33,1986,33,33,"2,970",0,0,0,0,0,0
2019-2020,Bundesliga,312,Florian Neuhaus,de GER,MF,M'Gladbach,22,1997,30,26,"2,356",4,2,0,0,6,0
2019-2020,Bundesliga,313,Jessic Ngankam,de GER,"FW,MF",Hertha BSC,19,2000,4,0,85,0,1,0,0,0,0
2019-2020,Bundesliga,314,Moussa Niakhate,fr FRA,DF,Mainz 05,23,1996,33,33,"2,970",1,2,0,0,7,0
2019-2020,Bundesliga,315,Moritz Nicolas,de GER,GK,Union Berlin,21,1997,1,1,90,0,0,0,0,0,0
2019-2020,Bundesliga,316,Florian Niederlechner,de GER,"FW,MF",Augsburg,28,1990,33,31,"2,720",13,6,1,2,1,0
2019-2020,Bundesliga,317,Christopher Nkunku,fr FRA,"MF,FW",RB Leipzig,21,1997,32,21,"1,925",5,13,0,0,2,0
2019-2020,Bundesliga,318,Lukas Nmecha,de GER,"MF,FW",Wolfsburg,20,1998,6,1,131,0,0,0,0,1,0
2019-2020,Bundesliga,319,Håvard Nordtveit,no NOR,DF,Hoffenheim,29,1990,11,7,701,0,1,0,0,2,0
2019-2020,Bundesliga,320,Alexander Nübel,de GER,GK,Schalke 04,22,1996,26,26,"2,315",0,0,0,0,1,1
2019-2020,Bundesliga,321,Kasim Nuhu,gh GHA,DF,Düsseldorf,24,1995,13,11,999,1,0,0,0,0,0
2019-2020,Bundesliga,322,Bastian Oczipka,de GER,DF,Schalke 04,30,1989,34,33,"3,015",0,5,0,0,4,0
2019-2020,Bundesliga,323,Álvaro Odriozola,es ESP,DF,Bayern Munich,23,1995,3,2,152,0,0,0,0,0,0
2019-2020,Bundesliga,324,Kelvin Ofori,gh GHA,"MF,FW",Düsseldorf,18,2001,2,0,37,0,0,0,0,0,0
2019-2020,Bundesliga,325,Kwasi Okyere Wriedt,gh GHA,FW,Bayern Munich,25,1994,1,0,14,0,0,0,0,0,0
2019-2020,Bundesliga,326,Cauly Oliveira Souza,br BRA,"MF,FW",Paderborn 07,23,1995,13,8,717,2,0,0,0,0,0
2019-2020,Bundesliga,327,Dani Olmo,es ESP,"MF,FW",RB Leipzig,21,1998,12,9,747,3,1,0,0,1,0
2019-2020,Bundesliga,328,Karim Onisiwo,at AUT,FW,Mainz 05,27,1992,32,16,"1,728",4,6,0,0,3,0
2019-2020,Bundesliga,329,Willi Orban,hu HUN,DF,RB Leipzig,26,1992,12,9,856,1,0,0,0,0,0
2019-2020,Bundesliga,330,Yuya Osako,jp JPN,"FW,MF",Werder Bremen,29,1990,28,22,"1,848",8,2,0,0,2,0
2019-2020,Bundesliga,331,Paulo Otávio,br BRA,DF,Wolfsburg,24,1994,5,4,380,0,1,0,0,3,0
2019-2020,Bundesliga,332,Reece Oxford,eng ENG,MF,Augsburg,20,1998,12,2,375,0,0,0,0,0,0
2019-2020,Bundesliga,333,Levin Öztunalı,de GER,"MF,FW",Mainz 05,23,1996,27,19,"1,778",4,3,0,0,1,0
2019-2020,Bundesliga,334,Gonçalo Paciência,pt POR,FW,Eint Frankfurt,24,1994,23,15,"1,283",7,3,1,1,4,0
2019-2020,Bundesliga,335,Exequiel Palacios,ar ARG,MF,Leverkusen,20,1998,3,2,177,0,0,0,0,0,0
2019-2020,Bundesliga,336,Michael Parensen,de GER,DF,Union Berlin,33,1986,9,6,628,1,0,0,0,4,0
2019-2020,Bundesliga,337,Paulinho,br BRA,"MF,FW",Leverkusen,19,2000,13,1,304,3,2,0,0,1,0
2019-2020,Bundesliga,338,Benjamin Pavard,fr FRA,DF,Bayern Munich,23,1996,32,31,"2,790",4,4,0,0,5,0
2019-2020,Bundesliga,339,Jiří Pavlenka,cz CZE,GK,Werder Bremen,27,1992,33,33,"2,970",0,0,0,0,1,0
2019-2020,Bundesliga,340,Mads Pedersen,dk DEN,DF,Augsburg,22,1996,2,1,96,0,1,0,0,0,0
2019-2020,Bundesliga,341,Peter Pekarík,sk SVK,DF,Hertha BSC,32,1986,9,9,769,0,0,0,0,2,0
2019-2020,Bundesliga,342,Philipp Pentke,de GER,GK,Hoffenheim,34,1985,4,4,360,0,0,0,0,1,0
2019-2020,Bundesliga,343,Ivan Perišić,hr CRO,"FW,MF",Bayern Munich,30,1989,22,11,"1,206",4,3,0,0,1,0
2019-2020,Bundesliga,344,Pavao Pervan,at AUT,GK,Wolfsburg,31,1987,8,8,720,0,0,0,0,0,0
2019-2020,Bundesliga,345,Nils Petersen,de GER,"FW,MF",Freiburg,30,1988,34,24,"2,436",11,2,1,1,1,0
2019-2020,Bundesliga,346,Krzysztof Piątek,pl POL,"FW,MF",Hertha BSC,24,1995,15,9,909,4,1,2,2,2,0
2019-2020,Bundesliga,347,Ronaël Pierre-Gabriel,fr FRA,DF,Mainz 05,21,1998,8,8,574,0,1,0,0,3,0
2019-2020,Bundesliga,348,Łukasz Piszczek,pl POL,DF,Dortmund,34,1985,29,25,"2,106",1,3,0,0,3,0
2019-2020,Bundesliga,349,Claudio Pizarro,pe PER,"FW,MF",Werder Bremen,40,1978,18,0,234,0,0,0,0,0,0
2019-2020,Bundesliga,350,Marvin Plattenhardt,de GER,DF,Hertha BSC,27,1992,17,17,"1,396",0,5,0,0,1,0
2019-2020,Bundesliga,351,Alassane Pléa,fr FRA,FW,M'Gladbach,26,1993,27,25,"2,143",10,10,0,1,4,2
2019-2020,Bundesliga,352,Thomas Pledl,de GER,"DF,MF",Düsseldorf,25,1994,5,0,91,0,0,0,0,0,0
2019-2020,Bundesliga,353,Joel Pohjanpalo,fi FIN,MF,Leverkusen,24,1994,1,0,2,0,0,0,0,0,0
2019-2020,Bundesliga,354,Sebastian Polter,de GER,FW,Union Berlin,28,1991,13,2,330,2,2,2,2,1,1
2019-2020,Bundesliga,355,Marin Pongračić,hr CRO,DF,Wolfsburg,21,1997,11,11,928,2,0,0,0,4,1
2019-2020,Bundesliga,356,Stefan Posch,at AUT,DF,Hoffenheim,22,1997,28,27,"2,308",0,0,0,0,9,0
2019-2020,Bundesliga,357,Yussuf Poulsen,dk DEN,FW,RB Leipzig,25,1994,22,12,"1,222",5,6,0,0,2,0
2019-2020,Bundesliga,358,Kai Pröger,de GER,"MF,FW",Paderborn 07,27,1992,31,22,"2,079",2,6,0,0,0,0
2019-2020,Bundesliga,359,Grischa Prömel,de GER,MF,Union Berlin,24,1995,16,9,924,0,0,0,0,2,0
2019-2020,Bundesliga,360,Robin Quaison,se SWE,"FW,MF",Mainz 05,25,1993,32,31,"2,602",13,2,1,1,2,0
2019-2020,Bundesliga,361,Raffael,br BRA,MF,M'Gladbach,34,1985,8,0,64,0,0,0,0,0,0
2019-2020,Bundesliga,362,Benito Raman,be BEL,FW,Schalke 04,24,1994,25,19,"1,601",4,3,0,0,2,0
2019-2020,Bundesliga,363,Tobias Raschl,de GER,MF,Dortmund,19,2000,1,0,26,0,0,0,0,0,0
2019-2020,Bundesliga,364,Milot Rashica,xk KVX,FW,Werder Bremen,23,1996,28,27,"2,264",8,5,2,3,2,0
2019-2020,Bundesliga,365,Ante Rebić,hr CRO,FW,Eint Frankfurt,25,1993,1,1,90,0,0,0,0,1,0
2019-2020,Bundesliga,366,Daishawn Redan,nl NED,FW,Hertha BSC,18,2001,1,0,21,0,0,0,0,0,0
2019-2020,Bundesliga,367,Fabian Reese,de GER,FW,Schalke 04,21,1997,2,1,86,0,0,0,0,0,0
2019-2020,Bundesliga,368,Ken Reichel,de GER,DF,Union Berlin,32,1986,7,6,533,0,0,0,0,0,0
2019-2020,Bundesliga,369,Karim Rekik,nl NED,DF,Hertha BSC,24,1994,14,14,"1,260",1,0,0,0,0,0
2019-2020,Bundesliga,370,Panagiotis Retsos,gr GRE,DF,Leverkusen,20,1998,3,1,114,0,0,0,0,0,0
2019-2020,Bundesliga,371,Marco Reus,de GER,"MF,FW",Dortmund,30,1989,19,18,"1,495",11,5,1,1,1,0
2019-2020,Bundesliga,372,Elvis Rexhbeçaj,de GER,MF,Köln,21,1997,13,7,623,0,3,0,0,3,0
2019-2020,Bundesliga,373,Giovanni Reyna,us USA,"MF,FW",Dortmund,16,2002,15,2,355,0,1,0,0,2,0
2019-2020,Bundesliga,374,Chris Richards,us USA,DF,Bayern Munich,19,2000,1,0,7,0,0,0,0,0,0
2019-2020,Bundesliga,375,Marco Richter,de GER,"MF,FW",Augsburg,21,1997,31,26,"2,280",4,3,0,0,2,0
2019-2020,Bundesliga,376,Marcel Risse,de GER,"MF,FW",Köln,29,1989,6,0,132,0,2,0,0,1,0
2019-2020,Bundesliga,377,Marlon Ritter,de GER,MF,Paderborn 07,24,1994,11,3,435,0,1,0,0,3,0
2019-2020,Bundesliga,378,Sebastian Rode,de GER,MF,Eint Frankfurt,28,1990,29,25,"1,936",3,3,0,0,6,0
2019-2020,Bundesliga,379,Jérôme Roussillon,fr FRA,DF,Wolfsburg,26,1993,29,27,"2,364",1,1,0,0,4,0
2019-2020,Bundesliga,380,Sebastian Rudy,de GER,MF,Hoffenheim,29,1990,32,31,"2,734",1,3,0,0,9,0
2019-2020,Bundesliga,381,Lukas Rupp,de GER,"MF,FW",Hoffenheim,28,1991,7,4,340,0,0,0,0,0,0
2019-2020,Bundesliga,382,Julian Ryerson,no NOR,DF,Union Berlin,21,1997,14,3,368,0,0,0,0,2,0
2019-2020,Bundesliga,383,Frederik Rønnow,dk DEN,GK,Eint Frankfurt,26,1992,9,9,810,0,0,0,0,0,0
2019-2020,Bundesliga,384,João Victor Santos Sá,br BRA,"MF,FW",Wolfsburg,25,1994,32,18,"1,629",2,2,0,0,4,0
2019-2020,Bundesliga,385,Abdelhamid Sabiri,de GER,MF,Paderborn 07,22,1996,24,9,"1,048",4,1,1,1,6,0
2019-2020,Bundesliga,386,Marcel Sabitzer,at AUT,"MF,FW",RB Leipzig,25,1994,32,30,"2,499",9,7,0,0,4,0
2019-2020,Bundesliga,387,Nuri Şahin,tr TUR,MF,Werder Bremen,30,1988,16,16,"1,249",0,3,0,0,5,1
2019-2020,Bundesliga,388,Roland Sallai,hu HUN,"MF,FW",Freiburg,22,1997,21,15,"1,162",2,0,0,0,2,0
2019-2020,Bundesliga,389,Lazar Samardzic,de GER,MF,Hertha BSC,17,2002,3,0,34,0,0,0,0,0,0
2019-2020,Bundesliga,390,Diadie Samassékou,ml MLI,MF,Hoffenheim,23,1996,21,16,"1,310",0,1,0,0,4,0
2019-2020,Bundesliga,391,Renato Sanches,pt POR,MF,Bayern Munich,21,1997,1,0,6,0,0,0,0,0,0
2019-2020,Bundesliga,392,Jadon Sancho,eng ENG,"FW,MF",Dortmund,19,2000,32,25,"2,287",17,16,0,0,2,0
2019-2020,Bundesliga,393,Salif Sané,sn SEN,DF,Schalke 04,28,1990,15,13,"1,126",2,1,0,0,3,0
2019-2020,Bundesliga,394,Marcelo Saracchi,uy URU,DF,RB Leipzig,21,1998,4,1,179,1,0,0,0,1,0
2019-2020,Bundesliga,395,Josh Sargent,us USA,FW,Werder Bremen,19,2000,28,15,"1,416",4,2,0,0,2,0
2019-2020,Bundesliga,396,Louis Schaub,at AUT,MF,Köln,24,1994,9,7,623,1,1,0,0,0,0
2019-2020,Bundesliga,397,Patrik Schick,cz CZE,FW,RB Leipzig,23,1996,22,15,"1,298",10,2,0,0,3,0
2019-2020,Bundesliga,398,Julian Schieber,de GER,FW,Augsburg,30,1989,2,0,43,0,0,0,0,1,0
2019-2020,Bundesliga,399,Kingsley Schindler,de GER,"FW,MF",Köln,26,1993,13,9,849,0,2,0,0,0,0
2019-2020,Bundesliga,400,Xaver Schlager,at AUT,MF,Wolfsburg,21,1997,23,21,"1,719",1,2,0,0,4,0
2019-2020,Bundesliga,401,Keven Schlotterbeck,de GER,DF,Union Berlin,22,1997,23,23,"1,939",0,0,0,0,6,1
2019-2020,Bundesliga,402,Nico Schlotterbeck,de GER,DF,Freiburg,19,1999,13,4,373,0,0,0,0,0,0
2019-2020,Bundesliga,403,Marcel Schmelzer,de GER,DF,Dortmund,31,1988,7,0,66,1,1,0,0,0,0
2019-2020,Bundesliga,404,Jonathan Schmid,fr FRA,DF,Freiburg,29,1990,33,31,"2,836",5,1,0,0,1,0
2019-2020,Bundesliga,405,Manuel Schmiedebach,de GER,MF,Union Berlin,30,1988,5,2,179,0,0,0,0,0,0
2019-2020,Bundesliga,406,Benno Schmitz,de GER,DF,Köln,24,1994,18,13,"1,158",0,0,0,0,1,0
2019-2020,Bundesliga,407,Sebastian Schonlau,de GER,DF,Paderborn 07,24,1994,23,23,"2,070",2,0,0,0,2,0
2019-2020,Bundesliga,408,Alessandro Schöpf,at AUT,MF,Schalke 04,25,1994,22,15,"1,432",0,1,0,0,3,0
2019-2020,Bundesliga,409,Markus Schubert,de GER,GK,Schalke 04,21,1998,9,8,742,0,0,0,0,0,0
2019-2020,Bundesliga,410,Nico Schulz,de GER,DF,Dortmund,26,1993,11,7,594,1,0,0,0,0,0
2019-2020,Bundesliga,411,Alexander Schwolow,de GER,GK,Freiburg,27,1992,24,24,"2,091",0,0,0,0,0,0
2019-2020,Bundesliga,412,Davie Selke,de GER,FW,Hertha BSC,24,1995,19,10,960,1,1,0,0,3,0
2019-2020,Bundesliga,413,Davie Selke,de GER,FW,Werder Bremen,24,1995,11,5,463,0,0,0,0,3,0
2019-2020,Bundesliga,414,Suat Serdar,de GER,MF,Schalke 04,22,1997,20,19,"1,599",7,0,0,0,2,0
2019-2020,Bundesliga,415,Khiry Shelton,us USA,"FW,MF",Paderborn 07,26,1993,2,0,34,0,0,0,0,0,0
2019-2020,Bundesliga,416,André Silva,pt POR,FW,Eint Frankfurt,23,1995,25,16,"1,575",12,3,1,1,1,0
2019-2020,Bundesliga,417,Sarpreet Singh,nz NZL,"FW,MF",Bayern Munich,20,1999,2,1,72,0,0,0,0,0,0
2019-2020,Bundesliga,418,Daley Sinkgraven,nl NED,DF,Leverkusen,24,1995,13,11,909,0,1,0,0,1,0
2019-2020,Bundesliga,419,Ellyes Skhiri,tn TUN,MF,Köln,24,1995,32,31,"2,672",1,3,0,0,4,0
2019-2020,Bundesliga,420,Robert Skov,dk DEN,"DF,FW",Hoffenheim,23,1996,31,29,"2,608",4,7,0,0,4,0
2019-2020,Bundesliga,421,Steven Skrzybski,de GER,"FW,MF",Düsseldorf,26,1992,11,6,530,1,2,0,0,0,0
2019-2020,Bundesliga,422,Dennis Smarsch,de GER,GK,Hertha BSC,20,1999,2,1,151,0,0,0,0,0,0
2019-2020,Bundesliga,423,Lasse Sobiech,de GER,DF,Köln,28,1991,1,1,90,0,0,0,0,1,0
2019-2020,Bundesliga,424,Marcel Sobottka,de GER,MF,Düsseldorf,25,1994,18,8,701,0,1,0,0,2,0
2019-2020,Bundesliga,425,Yann Sommer,ch SUI,GK,M'Gladbach,30,1988,34,34,"3,060",0,0,0,0,0,0
2019-2020,Bundesliga,426,Djibril Sow,ch SUI,MF,Eint Frankfurt,22,1997,29,18,"1,746",1,3,0,0,2,0
2019-2020,Bundesliga,427,Dennis Srbeny,de GER,"FW,MF",Paderborn 07,25,1994,17,14,"1,119",5,1,0,0,2,0
2019-2020,Bundesliga,428,Jerry St. Juste,nl NED,DF,Mainz 05,22,1996,25,24,"2,113",2,2,0,0,7,0
2019-2020,Bundesliga,429,Kostas Stafylidis,gr GRE,DF,Hoffenheim,25,1993,7,4,398,1,0,0,0,0,0
2019-2020,Bundesliga,430,Benjamin Stambouli,fr FRA,DF,Schalke 04,28,1990,9,9,810,0,0,0,0,2,0
2019-2020,Bundesliga,431,Niklas Stark,de GER,DF,Hertha BSC,24,1995,21,20,"1,731",1,0,0,0,8,0
2019-2020,Bundesliga,432,Renato Steffen,ch SUI,"MF,FW",Wolfsburg,27,1991,27,19,"1,585",6,3,0,0,6,0
2019-2020,Bundesliga,433,Zack Steffen,us USA,GK,Düsseldorf,24,1995,17,17,"1,530",0,0,0,0,0,0
2019-2020,Bundesliga,434,Lars Stindl,de GER,"MF,FW",M'Gladbach,30,1988,25,14,"1,432",9,3,2,2,4,0
2019-2020,Bundesliga,435,Kevin Stöger,at AUT,MF,Düsseldorf,25,1993,17,14,"1,268",0,4,0,0,3,0
2019-2020,Bundesliga,436,Tobias Strobl,de GER,"MF,DF",M'Gladbach,29,1990,10,6,615,0,0,0,0,1,0
2019-2020,Bundesliga,437,Christian Strohdiek,de GER,DF,Paderborn 07,31,1988,16,16,"1,363",1,2,0,0,3,0
2019-2020,Bundesliga,438,Neven Subotić,rs SRB,DF,Union Berlin,30,1988,23,23,"1,965",1,0,0,0,3,1
2019-2020,Bundesliga,439,Marek Suchý,cz CZE,DF,Augsburg,31,1988,7,4,397,0,0,0,0,1,0
2019-2020,Bundesliga,440,Niklas Süle,de GER,DF,Bayern Munich,23,1995,8,8,641,0,1,0,0,1,0
2019-2020,Bundesliga,441,Markus Suttner,at AUT,"DF,MF",Düsseldorf,32,1987,21,16,"1,339",0,1,0,0,3,0
2019-2020,Bundesliga,442,Ádám Szalai,hu HUN,FW,Mainz 05,31,1987,27,12,"1,147",1,1,0,0,1,0
2019-2020,Bundesliga,443,Jonathan Tah,de GER,DF,Leverkusen,23,1996,25,22,"2,092",0,1,0,0,4,1
2019-2020,Bundesliga,444,Edmond Tapsoba,bf BFA,DF,Leverkusen,20,1999,14,12,"1,058",0,0,0,0,2,0
2019-2020,Bundesliga,445,Georg Teigl,at AUT,"DF,MF",Augsburg,28,1991,3,1,111,0,0,0,0,0,0
2019-2020,Bundesliga,446,Bernard Tekpetey,gh GHA,"FW,MF",Düsseldorf,21,1997,9,5,448,0,1,0,0,4,0
2019-2020,Bundesliga,447,Lino Tempelmann,de GER,MF,Freiburg,20,1999,1,1,33,0,0,0,0,0,0
2019-2020,Bundesliga,448,Simon Terodde,de GER,"FW,MF",Köln,31,1988,23,7,813,3,1,0,0,4,0
2019-2020,Bundesliga,449,Malick Thiaw,fi FIN,DF,Schalke 04,17,2001,4,0,76,0,0,0,0,0,0
2019-2020,Bundesliga,450,Niclas Thiede,de GER,GK,Freiburg,20,1999,1,0,69,0,0,0,0,0,0
2019-2020,Bundesliga,451,Jan Thielmann,de GER,"FW,MF",Köln,17,2002,12,7,554,0,1,0,0,2,0
2019-2020,Bundesliga,452,Erik Thommy,de GER,"DF,FW",Düsseldorf,24,1994,34,25,"2,259",6,4,0,0,3,0
2019-2020,Bundesliga,453,Marcus Thuram,fr FRA,FW,M'Gladbach,21,1997,31,28,"2,202",10,8,0,0,3,0
2019-2020,Bundesliga,454,Marcel Tisserand,cd COD,DF,Wolfsburg,26,1993,15,14,"1,204",1,1,0,0,8,1
2019-2020,Bundesliga,455,Jean-Clair Todibo,fr FRA,DF,Schalke 04,19,1999,8,4,365,0,0,0,0,2,0
2019-2020,Bundesliga,456,Corentin Tolisso,fr FRA,MF,Bayern Munich,24,1994,13,7,638,1,2,0,0,0,0
2019-2020,Bundesliga,457,Ömer Toprak,tr TUR,DF,Werder Bremen,30,1989,10,9,715,0,0,0,0,2,0
2019-2020,Bundesliga,458,Lucas Torró,es ESP,"MF,FW",Eint Frankfurt,25,1994,7,4,331,0,0,0,0,5,1
2019-2020,Bundesliga,459,Jordan Torunarigha,de GER,DF,Hertha BSC,21,1997,18,16,"1,462",1,1,0,0,3,0
2019-2020,Bundesliga,460,Almamy Touré,ml MLI,DF,Eint Frankfurt,23,1996,19,18,"1,491",1,3,0,0,2,0
2019-2020,Bundesliga,461,Ibrahima Traoré,gn GUI,FW,M'Gladbach,31,1988,7,1,152,0,1,0,0,0,0
2019-2020,Bundesliga,462,Kevin Trapp,de GER,GK,Eint Frankfurt,29,1990,22,22,"1,980",0,0,0,0,1,0
2019-2020,Bundesliga,463,Christopher Trimmel,at AUT,DF,Union Berlin,32,1987,32,32,"2,863",0,8,0,0,6,0
2019-2020,Bundesliga,464,Anthony Ujah,ng NGA,"FW,MF",Union Berlin,28,1990,24,10,949,3,2,0,0,0,0
2019-2020,Bundesliga,465,Sven Ulreich,de GER,GK,Bayern Munich,30,1988,1,1,90,0,0,0,0,1,0
2019-2020,Bundesliga,466,Dayot Upamecano,fr FRA,DF,RB Leipzig,20,1998,28,27,"2,357",0,1,0,0,8,1
2019-2020,Bundesliga,467,Mark Uth,de GER,"MF,FW",Köln,27,1991,15,14,"1,162",5,5,1,3,5,0
2019-2020,Bundesliga,468,Mark Uth,de GER,"FW,MF",Schalke 04,27,1991,8,4,353,0,0,0,0,0,0
2019-2020,Bundesliga,469,Ruben Vargas,ch SUI,"FW,MF",Augsburg,20,1998,33,29,"2,530",6,1,0,0,8,0
2019-2020,Bundesliga,470,Sebastian Vasiliadis,gr GRE,MF,Paderborn 07,21,1997,32,32,"2,808",1,1,0,0,10,0
2019-2020,Bundesliga,471,Miloš Veljković,rs SRB,DF,Werder Bremen,23,1995,24,23,"2,051",0,1,0,0,7,0
2019-2020,Bundesliga,472,Birger Verstraete,be BEL,MF,Köln,25,1994,9,7,665,0,1,0,0,3,0
2019-2020,Bundesliga,473,Kevin Vogt,de GER,DF,Hoffenheim,27,1991,11,11,960,0,0,0,0,2,0
2019-2020,Bundesliga,474,Kevin Vogt,de GER,"DF,MF",Werder Bremen,27,1991,14,14,"1,105",0,0,0,0,3,0
2019-2020,Bundesliga,475,Kevin Volland,de GER,FW,Leverkusen,27,1992,27,24,"2,047",10,7,0,0,3,0
2019-2020,Bundesliga,476,Luca Waldschmidt,de GER,"FW,MF",Freiburg,23,1996,23,14,"1,268",7,1,3,3,3,0
2019-2020,Bundesliga,477,Wout Weghorst,nl NED,FW,Wolfsburg,26,1992,32,30,"2,739",16,3,4,4,7,0
2019-2020,Bundesliga,478,Julian Weigl,de GER,"MF,DF",Dortmund,23,1995,13,12,"1,019",1,0,0,0,4,0
2019-2020,Bundesliga,479,Mitchell Weiser,de GER,DF,Leverkusen,25,1994,18,14,"1,172",1,0,0,0,3,0
2019-2020,Bundesliga,480,Wendell,br BRA,DF,Leverkusen,26,1993,24,21,"1,903",0,2,0,0,6,1
2019-2020,Bundesliga,481,Oscar Wendt,se SWE,DF,M'Gladbach,33,1985,25,18,"1,680",2,2,0,0,3,0
2019-2020,Bundesliga,482,Timo Werner,de GER,FW,RB Leipzig,23,1996,34,33,"2,795",28,8,3,3,4,0
2019-2020,Bundesliga,483,Felix Wiedwald,de GER,GK,Eint Frankfurt,29,1990,3,3,270,0,0,0,0,0,0
2019-2020,Bundesliga,484,William,br BRA,DF,Wolfsburg,24,1995,16,16,"1,364",1,1,0,0,0,0
2019-2020,Bundesliga,485,Florian Wirtz,de GER,"FW,MF",Leverkusen,16,2003,7,3,367,1,0,0,0,0,0
2019-2020,Bundesliga,486,Axel Witsel,be BEL,MF,Dortmund,30,1989,28,25,"2,245",4,5,0,0,4,0
2019-2020,Bundesliga,487,Hannes Wolf,at AUT,"FW,MF",RB Leipzig,20,1999,5,0,58,0,0,0,0,0,0
2019-2020,Bundesliga,488,Marius Wolf,de GER,"FW,MF",Hertha BSC,24,1995,21,15,"1,410",1,3,0,0,2,1
2019-2020,Bundesliga,489,Nick Woltemade,de GER,"FW,MF",Werder Bremen,17,2002,5,1,92,0,0,0,0,0,0
2019-2020,Bundesliga,490,Dan-Axel Zagadou,fr FRA,DF,Dortmund,20,1999,15,10,983,1,1,0,0,1,0
2019-2020,Bundesliga,491,Denis Zakaria,ch SUI,MF,M'Gladbach,22,1996,23,22,"1,947",2,2,0,0,7,0
2019-2020,Bundesliga,492,Robin Zentner,de GER,GK,Mainz 05,24,1994,22,22,"1,935",0,0,0,0,1,0
2019-2020,Bundesliga,493,Jean Zimmer,de GER,"DF,MF",Düsseldorf,25,1993,17,8,719,0,0,0,0,2,0
2019-2020,Bundesliga,494,Matthias Zimmermann,de GER,"DF,MF",Düsseldorf,27,1992,34,33,"2,923",1,2,0,0,4,0
2019-2020,Bundesliga,495,Leopold Zingerle,de GER,GK,Paderborn 07,25,1994,28,28,"2,520",0,0,0,0,1,0
2019-2020,Bundesliga,496,Joshua Zirkzee,nl NED,FW,Bayern Munich,18,2001,9,3,297,4,0,0,0,0,0
2019-2020,Bundesliga,497,Ben Zolinski,de GER,"FW,MF",Paderborn 07,27,1992,28,14,"1,210",3,2,0,0,3,0
2019-2020,Bundesliga,498,Steven Zuber,ch SUI,"DF,FW",Hoffenheim,27,1991,14,10,749,2,0,0,1,1,0
